{
    "train_losses": [
        3.155792803732988,
        2.1251542460273236,
        1.5384985918219667,
        1.2659149948068502,
        1.13493729554226,
        1.0627998620136012,
        1.020050149345012,
        0.9840100986160409,
        0.9574703082751311,
        0.9404394092075018,
        0.9274886837196157,
        0.9202284499678759,
        0.9095643594461555,
        0.8977577771631587,
        0.8961339321893819,
        0.8875942044205055,
        0.8334581078636447
    ],
    "train_accuracies": [
        18.800581689428427,
        48.76865199797673,
        71.06411229135053,
        81.82852807283763,
        86.56740010116337,
        89.14232422862923,
        90.63448406676783,
        91.82157309054122,
        92.61507334344967,
        93.20782751643905,
        93.66148204350026,
        94.0013277693475,
        94.23842943854325,
        94.57827516439049,
        94.60040465351543,
        94.97028325746079,
        96.78174001011634
    ],
    "val_losses": [
        2.8178621780999884,
        1.939087963581845,
        1.5537533578258318,
        1.4560720279605899,
        1.0620379648744829,
        1.1930777074100487,
        0.9132625245841739,
        0.8885473619146714,
        0.8602227235529653,
        0.8380251475409497,
        0.8958086925135803,
        0.78886624901381,
        0.8651200813230067,
        0.8523372739804461,
        0.8885122633946395,
        0.8255957239395444,
        0.8259020954363715
    ],
    "val_accuracies": [
        25.415433644434327,
        54.911222399271566,
        69.3034372865923,
        71.79603915319827,
        87.32642840883223,
        81.72661051673116,
        92.07830639653994,
        92.74982927384475,
        93.80264056453449,
        94.83837923969952,
        92.44821306624175,
        96.56271340769406,
        93.546551331664,
        94.01320282267244,
        92.67584793990439,
        94.84976098338265,
        94.66196221261097
    ],
    "learning_rates": [
        0.001,
        0.001,
        0.001,
        0.001,
        0.001,
        0.001,
        0.001,
        0.001,
        0.001,
        0.001,
        0.001,
        0.001,
        0.001,
        0.001,
        0.001,
        0.001,
        0.0005
    ],
    "epoch_times": [
        277.21368169784546,
        273.55810618400574,
        272.22806429862976,
        272.562433719635,
        272.2102782726288,
        274.21111154556274,
        273.8668327331543,
        271.5656085014343,
        272.38646054267883,
        272.0000350475311,
        271.6019389629364,
        272.1018080711365,
        271.20869612693787,
        271.0950973033905,
        270.9240036010742,
        270.91426038742065,
        271.10901856422424
    ]
}